"smelt_ID","smelt_date","smelt_survey","smelt_station","smelt_sal","smelt_secchi","smelt_temp","smelt_lat","smelt_long","zoop_ID","zoop_station","zoop_date","zoop_lat","zoop_long","zoop_sal_avg"
"2017_EDSM_0172",2017-09-20,"EDSM","18-08-SM01",3.995391749,0.32,20.7,38.16665,-122.04294,"EMP NZS42 2017-09-18","NZS42",2017-09-18,38.1805555555556,-122.047222222222,4.70620919993375
"2017_EDSM_0170",2017-09-12,"EDSM","18-07-HB01",2.389568106,0.64,22.8,38.05575,-121.95713,"EMP NZEZ6 2017-09-14","NZEZ6",2017-09-14,38.0552,-121.9473,2.61515193320338
"2018_EDSM_0189",2018-09-06,"EDSM","19-06-SM04",5.336772856,0.21,19.7,38.18563,-122.05531,"EMP NZS42 2018-09-19","NZS42",2018-09-19,38.1805555555556,-122.047222222222,6.29015122194059
"2017_EDSM_0060",2017-10-10,"EDSM","18-11-LSR02",0.422751914,0.48,17.5,38.06625,-121.82619,"EMP NZEZ2 2017-10-12","NZEZ2",2017-10-12,38.0625,-121.8178,0.800021571782606
"2017_EDSM_0005",2017-08-28,"EDSM","18-05-LSR02",0.444050489,0.53,21.9,38.06747,-121.8454,"EMP NZEZ2 2017-08-16","NZEZ2",2017-08-16,38.0648,-121.8347,0.976639850724096
"2017_EDSM_0006",2017-08-28,"EDSM","18-05-LSR02",0.444050489,0.53,21.9,38.06747,-121.8454,"EMP NZEZ2 2017-08-16","NZEZ2",2017-08-16,38.0648,-121.8347,0.976639850724096
"2017_EDSM_0164",2017-08-23,"EDSM","18-04-LSJ03",0.728261471,0.26,21.1,38.05,-121.84295,"EMP NZEZ2 2017-08-16","NZEZ2",2017-08-16,38.0648,-121.8347,0.976639850724096
"2017_EDSM_0060",2017-10-10,"EDSM","18-11-LSR02",0.422751914,0.48,17.5,38.06625,-121.82619,"EMP NZ060 2017-10-09","NZ060",2017-10-09,38.0644444444444,-121.828888888889,0.930076749376318
"2017_EDSM_0061",2017-10-23,"EDSM","18-13-LSR01",0.426804146,0.42,16.2,38.06918,-121.84377,"EMP NZ060 2017-10-09","NZ060",2017-10-09,38.0644444444444,-121.828888888889,0.930076749376318
"2016_FMWT_7322",2016-11-07,"FMWT","703",2.568282102,0.660000026,16.89999962,38.06087,-121.79692,"EMP NZEZ6 2016-11-07","NZEZ6",2016-11-07,38.0674,-121.7842,3.32225685358807
"2016_FMWT_7323",2016-11-07,"FMWT","703",2.568282102,0.660000026,16.89999962,38.06087,-121.79692,"EMP NZEZ6 2016-11-07","NZEZ6",2016-11-07,38.0674,-121.7842,3.32225685358807
"2017_EDSM_0005",2017-08-28,"EDSM","18-05-LSR02",0.444050489,0.53,21.9,38.06747,-121.8454,"EMP NZ060 2017-09-11","NZ060",2017-09-11,38.0644444444444,-121.828888888889,0.704236754569692
"2017_EDSM_0006",2017-08-28,"EDSM","18-05-LSR02",0.444050489,0.53,21.9,38.06747,-121.8454,"EMP NZ060 2017-09-11","NZ060",2017-09-11,38.0644444444444,-121.828888888889,0.704236754569692
"2017_EDSM_0007",2017-09-08,"EDSM","18-06-LSR01",1.004573584,0.57,22.3,38.0536,-121.87649,"EMP NZEZ2 2017-09-14","NZEZ2",2017-09-14,38.0628,-121.8578,0.959498858080022
"2017_EDSM_0008",2017-09-18,"EDSM","18-08-LSR01",0.079168905,0.58,20.9,38.06795,-121.85263,"EMP NZEZ2 2017-09-14","NZEZ2",2017-09-14,38.0628,-121.8578,0.959498858080022
"2017_EDSM_0009",2017-09-18,"EDSM","18-08-LSR01",0.079168905,0.58,20.9,38.06795,-121.85263,"EMP NZEZ2 2017-09-14","NZEZ2",2017-09-14,38.0628,-121.8578,0.959498858080022
"2017_EDSM_0011",2017-09-18,"EDSM","18-08-LSR01",0.079168905,0.58,20.9,38.06795,-121.85263,"EMP NZEZ2 2017-09-14","NZEZ2",2017-09-14,38.0628,-121.8578,0.959498858080022
"2017_EDSM_0013",2017-09-18,"EDSM","18-08-LSR01",0.090016692,0.56,20.9,38.06774,-121.85245,"EMP NZEZ2 2017-09-14","NZEZ2",2017-09-14,38.0628,-121.8578,0.959498858080022
"2017_EDSM_0015",2017-09-18,"EDSM","18-08-LSR01",0.090016692,0.56,20.9,38.06774,-121.85245,"EMP NZEZ2 2017-09-14","NZEZ2",2017-09-14,38.0628,-121.8578,0.959498858080022
"2017_EDSM_0016",2017-09-18,"EDSM","18-08-LSR01",0.090016692,0.56,20.9,38.06774,-121.85245,"EMP NZEZ2 2017-09-14","NZEZ2",2017-09-14,38.0628,-121.8578,0.959498858080022
"2017_EDSM_0017",2017-09-18,"EDSM","18-08-LSR01",0.090016692,0.56,20.9,38.06774,-121.85245,"EMP NZEZ2 2017-09-14","NZEZ2",2017-09-14,38.0628,-121.8578,0.959498858080022
"2017_EDSM_0018",2017-09-18,"EDSM","18-08-LSR01",0.090016692,0.56,20.9,38.06774,-121.85245,"EMP NZEZ2 2017-09-14","NZEZ2",2017-09-14,38.0628,-121.8578,0.959498858080022
"2017_EDSM_0019",2017-09-18,"EDSM","18-08-LSR01",0.090016692,0.56,20.9,38.06774,-121.85245,"EMP NZEZ2 2017-09-14","NZEZ2",2017-09-14,38.0628,-121.8578,0.959498858080022
"2017_EDSM_0022",2017-09-18,"EDSM","18-08-LSR02",0.211635344,0.54,21.4,38.05451,-121.86867,"EMP NZEZ2 2017-09-14","NZEZ2",2017-09-14,38.0628,-121.8578,0.959498858080022
"2017_EDSM_0024",2017-09-18,"EDSM","18-08-LSR01",0.090016692,0.56,20.9,38.06774,-121.85245,"EMP NZEZ2 2017-09-14","NZEZ2",2017-09-14,38.0628,-121.8578,0.959498858080022
"2014_FMWT_7008",2014-10-09,"FMWT","706",2.485899198,0.479999989,20.89999962,38.0903,-121.74,"EMP NZ064 2014-10-03","NZ064",2014-10-03,38.0847222222222,-121.738055555556,3.41615982396694
"2014_FMWT_7009",2014-10-09,"FMWT","706",2.485899198,0.479999989,20.89999962,38.0903,-121.74,"EMP NZ064 2014-10-03","NZ064",2014-10-03,38.0847222222222,-121.738055555556,3.41615982396694
"2014_SFBS_DS54",2014-08-14,"SFBS","752",1.104918335,0.5,21.2,38.1042,-121.7125,"EMP NZEZ2 2014-08-19","NZEZ2",2014-08-19,38.1082,-121.7164,1.01133768459373
"2014_SFBS_DS58",2014-08-14,"SFBS","751",1.405145862,0.4,20.9,38.1055,-121.717,"EMP NZEZ2 2014-08-19","NZEZ2",2014-08-19,38.1082,-121.7164,1.01133768459373
"2014_SFBS_DS59",2014-08-14,"SFBS","751",1.405145862,0.4,20.9,38.1055,-121.717,"EMP NZEZ2 2014-08-19","NZEZ2",2014-08-19,38.1082,-121.7164,1.01133768459373
"2014_SFBS_DS60",2014-08-14,"SFBS","751",1.405145862,0.4,20.9,38.1055,-121.717,"EMP NZEZ2 2014-08-19","NZEZ2",2014-08-19,38.1082,-121.7164,1.01133768459373
"2014_SFBS_DS63",2014-08-14,"SFBS","751",1.405145862,0.4,20.9,38.1055,-121.717,"EMP NZEZ2 2014-08-19","NZEZ2",2014-08-19,38.1082,-121.7164,1.01133768459373
"2018_EDSM_0301",2018-08-13,"EDSM","19-03-LSR01",3.124830871,0.23,21.7,38.0676,-121.82185,"EMP NZ060 2018-08-02","NZ060",2018-08-02,38.0644444444444,-121.828888888889,2.43233139653868
"2013_TNS_0309",2013-08-21,"STN","804",2.220267602,0.53,20.89999962,38.02308,-121.79868,"EMP NZ074 2013-08-12","NZ074",2013-08-12,38.0222222222222,-121.803611111111,1.62697358199447
"2013_TNS_0310",2013-08-21,"STN","801",2.918683955,0.51,21.10000038,38.05561111,-121.847,"EMP NZ060 2013-08-14","NZ060",2013-08-14,38.0644444444444,-121.828888888889,3.00640327908722
"2014_FMWT_7008",2014-10-09,"FMWT","706",2.485899198,0.479999989,20.89999962,38.0903,-121.74,"FMWT 706 2014-10-09","706",2014-10-09,38.0903,-121.74,2.56353436825996
"2014_FMWT_7009",2014-10-09,"FMWT","706",2.485899198,0.479999989,20.89999962,38.0903,-121.74,"FMWT 706 2014-10-09","706",2014-10-09,38.0903,-121.74,2.56353436825996
"2018_EDSM_0409",2018-11-01,"EDSM","19-14-LSSC06",0.282459114,0.34,16.9,38.41457,-121.61108,"FMWT 797 2018-11-08","797",2018-11-08,38.40462,-121.6156,0.260961436904096
"2018_EDSM_0410",2018-11-01,"EDSM","19-14-LSSC06",0.282459114,0.34,16.9,38.41457,-121.61108,"FMWT 797 2018-11-08","797",2018-11-08,38.40462,-121.6156,0.260961436904096
"2018_EDSM_0412",2018-11-01,"EDSM","19-14-LSSC06",0.282459114,0.34,16.9,38.41457,-121.61108,"FMWT 797 2018-11-08","797",2018-11-08,38.40462,-121.6156,0.260961436904096
"2015_FMWT_7256",2015-09-09,"FMWT","704",1.757411101,0.550000012,22.5,38.07087,-121.77892,"FMWT 704 2015-09-09","704",2015-09-09,38.07087,-121.77892,2.47627834433856
"2015_FMWT_7257",2015-09-09,"FMWT","704",1.757411101,0.550000012,22.5,38.07087,-121.77892,"FMWT 704 2015-09-09","704",2015-09-09,38.07087,-121.77892,2.47627834433856
"2011_FMWT_2831",2011-11-14,"FMWT","517",6.125747778,0.670000017,13.5,38.07022,-121.97938,"FMWT 504 2011-11-09","504",2011-11-09,38.05945,-121.9767,7.06042377791885
"2011_FMWT_2832",2011-11-14,"FMWT","517",6.125747778,0.670000017,13.5,38.07022,-121.97938,"FMWT 504 2011-11-09","504",2011-11-09,38.05945,-121.9767,7.06042377791885
"2017_EDSM_0171",2017-09-12,"EDSM","18-07-SBM03",5.144176204,0.46,22.3,38.07182,-122.01657,"FMWT 501 2017-09-07","501",2017-09-07,38.06167,-122.01955,4.29229959524557
"2017_EDSM_0172",2017-09-20,"EDSM","18-08-SM01",3.995391749,0.32,20.7,38.16665,-122.04294,"FMWT 606 2017-09-11","606",2017-09-11,38.1698,-122.02177,4.89652031795419
"2017_EDSM_0026",2017-10-04,"EDSM","18-10-LSR06",0.435929689,0.52,18.4,38.06202,-121.86855,"FMWT 513 2017-10-09","513",2017-10-09,38.0592,-121.86842,0.57536716754592
"2014_CCE_0317",2014-09-25,"CCE","797",0.363248419,0.400000006,22.20000076,38.40462,-121.6156,"FMWT 797 2014-09-17","797",2014-09-17,38.40462,-121.6156,0.290075774286492
"2014_CCE_0255",2014-09-25,"CCE","705",1.437066376,0.620000005,20.79999924,38.07925,-121.7618,"FMWT 704 2014-09-11","704",2014-09-11,38.07087,-121.77892,2.24117498740791
"2014_CCE_0257",2014-09-25,"CCE","705",1.632609785,0.469999999,20.89999962,38.07925,-121.7618,"FMWT 704 2014-09-11","704",2014-09-11,38.07087,-121.77892,2.24117498740791
"2014_CCE_0259",2014-09-25,"CCE","705",1.632609785,0.469999999,20.89999962,38.07925,-121.7618,"FMWT 704 2014-09-11","704",2014-09-11,38.07087,-121.77892,2.24117498740791
"2014_CCE_0260",2014-09-25,"CCE","705",1.361856478,0.479999989,21,38.07925,-121.7618,"FMWT 704 2014-09-11","704",2014-09-11,38.07087,-121.77892,2.24117498740791
"2014_CCE_0261",2014-09-25,"CCE","705",1.361856478,0.479999989,21,38.07925,-121.7618,"FMWT 704 2014-09-11","704",2014-09-11,38.07087,-121.77892,2.24117498740791
"2014_CCE_0263",2014-09-25,"CCE","705",1.361856478,0.479999989,21,38.07925,-121.7618,"FMWT 704 2014-09-11","704",2014-09-11,38.07087,-121.77892,2.24117498740791
"2014_CCE_0267",2014-09-25,"CCE","705",1.361856478,0.479999989,21,38.07925,-121.7618,"FMWT 704 2014-09-11","704",2014-09-11,38.07087,-121.77892,2.24117498740791
"2014_CCE_0268",2014-09-25,"CCE","705",1.361856478,0.479999989,21,38.07925,-121.7618,"FMWT 704 2014-09-11","704",2014-09-11,38.07087,-121.77892,2.24117498740791
"2014_CCE_0270",2014-09-25,"CCE","705",1.361856478,0.479999989,21,38.07925,-121.7618,"FMWT 704 2014-09-11","704",2014-09-11,38.07087,-121.77892,2.24117498740791
"2014_CCE_0272",2014-09-25,"CCE","705",1.361856478,0.479999989,21,38.07925,-121.7618,"FMWT 704 2014-09-11","704",2014-09-11,38.07087,-121.77892,2.24117498740791
"2014_CCE_0273",2014-09-25,"CCE","705",1.361856478,0.479999989,21,38.07925,-121.7618,"FMWT 704 2014-09-11","704",2014-09-11,38.07087,-121.77892,2.24117498740791
"2014_CCE_0276",2014-09-25,"CCE","705",1.361856478,0.479999989,21,38.07925,-121.7618,"FMWT 704 2014-09-11","704",2014-09-11,38.07087,-121.77892,2.24117498740791
"2014_CCE_0277",2014-09-25,"CCE","705",1.361856478,0.479999989,21,38.07925,-121.7618,"FMWT 704 2014-09-11","704",2014-09-11,38.07087,-121.77892,2.24117498740791
"2014_CCE_0279",2014-09-25,"CCE","705",1.361856478,0.479999989,21,38.07925,-121.7618,"FMWT 704 2014-09-11","704",2014-09-11,38.07087,-121.77892,2.24117498740791
"2014_CCE_0281",2014-09-25,"CCE","705",1.361856478,0.479999989,21,38.07925,-121.7618,"FMWT 704 2014-09-11","704",2014-09-11,38.07087,-121.77892,2.24117498740791
"2014_CCE_0283",2014-09-25,"CCE","705",1.361856478,0.479999989,21,38.07925,-121.7618,"FMWT 704 2014-09-11","704",2014-09-11,38.07087,-121.77892,2.24117498740791
"2014_CCE_0284",2014-09-25,"CCE","705",1.361856478,0.479999989,21,38.07925,-121.7618,"FMWT 704 2014-09-11","704",2014-09-11,38.07087,-121.77892,2.24117498740791
"2014_CCE_0286",2014-09-25,"CCE","705",1.361856478,0.479999989,21,38.07925,-121.7618,"FMWT 704 2014-09-11","704",2014-09-11,38.07087,-121.77892,2.24117498740791
"2014_CCE_0319",2014-09-25,"CCE","705",1.437066376,0.620000005,20.79999924,38.07925,-121.7618,"FMWT 704 2014-09-11","704",2014-09-11,38.07087,-121.77892,2.24117498740791
"2018_EDSM_0129",2018-09-27,"EDSM","19-09-LSSC02",0.209392948,0.39,20.8,38.39376,-121.62058,"FMWT 797 2018-10-09","797",2018-10-09,38.40462,-121.6156,0.253763898363319
"2018_EDSM_0130",2018-09-27,"EDSM","19-09-LSSC02",0.209392948,0.39,20.8,38.39376,-121.62058,"FMWT 797 2018-10-09","797",2018-10-09,38.40462,-121.6156,0.253763898363319
"2018_EDSM_0133",2018-09-27,"EDSM","19-09-LSSC02",0.209392948,0.39,20.8,38.39376,-121.62058,"FMWT 797 2018-10-09","797",2018-10-09,38.40462,-121.6156,0.253763898363319
"2018_EDSM_0134",2018-09-27,"EDSM","19-09-LSSC02",0.209392948,0.39,20.8,38.39376,-121.62058,"FMWT 797 2018-10-09","797",2018-10-09,38.40462,-121.6156,0.253763898363319
"2018_EDSM_0135",2018-09-27,"EDSM","19-09-LSSC02",0.209392948,0.39,20.8,38.39376,-121.62058,"FMWT 797 2018-10-09","797",2018-10-09,38.40462,-121.6156,0.253763898363319
"2018_EDSM_0136",2018-10-04,"EDSM","19-10-LSSC01",0.247428295,0.38,20.6,38.38976,-121.62311,"FMWT 797 2018-10-09","797",2018-10-09,38.40462,-121.6156,0.253763898363319
"2018_EDSM_0137",2018-10-04,"EDSM","19-10-LSSC01",0.247428295,0.38,20.6,38.38976,-121.62311,"FMWT 797 2018-10-09","797",2018-10-09,38.40462,-121.6156,0.253763898363319
"2018_EDSM_0138",2018-10-04,"EDSM","19-10-LSSC01",0.247428295,0.38,20.6,38.38976,-121.62311,"FMWT 797 2018-10-09","797",2018-10-09,38.40462,-121.6156,0.253763898363319
"2018_EDSM_0143",2018-10-17,"EDSM","19-12-LSSC03",0.26170645,0.37,18.3,38.4574,-121.59064,"FMWT 796 2018-10-09","796",2018-10-09,38.47387,-121.5844,0.380238495938974
"2011_FMWT_2373",2011-10-07,"FMWT","509",0.183017994,0.569999993,18.20000076,38.04547,-121.90412,"FMWT 508 2011-10-07","508",2011-10-07,38.04813,-121.91492,0.296358826508095
"2011_FMWT_2384",2011-10-07,"FMWT","508",0.238097203,0.460000008,18.29999924,38.04813,-121.91492,"FMWT 508 2011-10-07","508",2011-10-07,38.04813,-121.91492,0.296358826508095
"2015_SFBS_0001",2015-09-01,"SFBS","751",0.865429642,0.4,22.5,38.1055,-121.717,"FMWT 707 2015-09-09","707",2015-09-09,38.11397,-121.70797,0.275892937325582
"2015_SFBS_0005",2015-09-01,"SFBS","751",0.865429642,0.4,22.5,38.1055,-121.717,"FMWT 707 2015-09-09","707",2015-09-09,38.11397,-121.70797,0.275892937325582
"2011_FMWT_1502",2011-09-08,"FMWT","405",5.924745994,0.270000011,19.10000038,38.03353,-122.15815,"FMWT 405 2011-09-08","405",2011-09-08,38.03353,-122.15815,6.82670500416729
"2011_FMWT_1503",2011-09-08,"FMWT","405",5.924745994,0.270000011,19.10000038,38.03353,-122.15815,"FMWT 405 2011-09-08","405",2011-09-08,38.03353,-122.15815,6.82670500416729
"2011_FMWT_1504",2011-09-08,"FMWT","405",5.924745994,0.270000011,19.10000038,38.03353,-122.15815,"FMWT 405 2011-09-08","405",2011-09-08,38.03353,-122.15815,6.82670500416729
"2012_GES_4199",2012-09-27,"GES","704",0.173349367,0.62,20.3,38.07087,-121.77892,"FMWT 704 2012-09-12","704",2012-09-12,38.07087,-121.77892,0.139968314107529
"2012_GES_4206",2012-09-27,"GES","704",0.173349367,0.62,20.3,38.07087,-121.77892,"FMWT 704 2012-09-12","704",2012-09-12,38.07087,-121.77892,0.139968314107529
"2012_GES_4208",2012-09-27,"GES","704",0.783283859,0.58,19.6,38.07087,-121.77892,"FMWT 704 2012-09-12","704",2012-09-12,38.07087,-121.77892,0.139968314107529
"2012_GES_4209",2012-09-27,"GES","704",0.173349367,0.62,20.3,38.07087,-121.77892,"FMWT 704 2012-09-12","704",2012-09-12,38.07087,-121.77892,0.139968314107529
"2012_GES_4210",2012-09-27,"GES","704",0.173349367,0.62,20.3,38.07087,-121.77892,"FMWT 704 2012-09-12","704",2012-09-12,38.07087,-121.77892,0.139968314107529
"2012_GES_4211",2012-09-27,"GES","704",0.173349367,0.62,20.3,38.07087,-121.77892,"FMWT 704 2012-09-12","704",2012-09-12,38.07087,-121.77892,0.139968314107529
"2012_GES_4212",2012-09-27,"GES","704",0.173349367,0.62,20.3,38.07087,-121.77892,"FMWT 704 2012-09-12","704",2012-09-12,38.07087,-121.77892,0.139968314107529
"2012_GES_4214",2012-09-27,"GES","704",0.783283859,0.58,19.6,38.07087,-121.77892,"FMWT 704 2012-09-12","704",2012-09-12,38.07087,-121.77892,0.139968314107529
"2012_GES_4217",2012-09-27,"GES","704",0.173349367,0.62,20.3,38.07087,-121.77892,"FMWT 704 2012-09-12","704",2012-09-12,38.07087,-121.77892,0.139968314107529
"2012_GES_4218",2012-09-27,"GES","704",0.783283859,0.58,19.6,38.07087,-121.77892,"FMWT 704 2012-09-12","704",2012-09-12,38.07087,-121.77892,0.139968314107529
"2012_GES_4222",2012-09-27,"GES","704",0.783283859,0.58,19.6,38.07087,-121.77892,"FMWT 704 2012-09-12","704",2012-09-12,38.07087,-121.77892,0.139968314107529
"2012_GES_4224",2012-09-27,"GES","704",0.783283859,0.58,19.6,38.07087,-121.77892,"FMWT 704 2012-09-12","704",2012-09-12,38.07087,-121.77892,0.139968314107529
"2012_GES_4226",2012-09-27,"GES","704",0.783283859,0.58,19.6,38.07087,-121.77892,"FMWT 704 2012-09-12","704",2012-09-12,38.07087,-121.77892,0.139968314107529
"2012_GES_4231",2012-09-27,"GES","704",0.173349367,0.62,20.3,38.07087,-121.77892,"FMWT 704 2012-09-12","704",2012-09-12,38.07087,-121.77892,0.139968314107529
"2012_GES_4233",2012-09-27,"GES","704",0.783283859,0.58,19.6,38.07087,-121.77892,"FMWT 704 2012-09-12","704",2012-09-12,38.07087,-121.77892,0.139968314107529
"2012_GES_4240",2012-09-27,"GES","704",0.173349367,0.62,20.3,38.07087,-121.77892,"FMWT 704 2012-09-12","704",2012-09-12,38.07087,-121.77892,0.139968314107529
"2012_GES_4242",2012-09-27,"GES","704",0.783283859,0.58,19.6,38.07087,-121.77892,"FMWT 704 2012-09-12","704",2012-09-12,38.07087,-121.77892,0.139968314107529
"2012_GES_4243",2012-09-27,"GES","704",0.783283859,0.58,19.6,38.07087,-121.77892,"FMWT 704 2012-09-12","704",2012-09-12,38.07087,-121.77892,0.139968314107529
"2012_GES_4244",2012-09-27,"GES","704",0.173349367,0.62,20.3,38.07087,-121.77892,"FMWT 704 2012-09-12","704",2012-09-12,38.07087,-121.77892,0.139968314107529
"2012_GES_4248",2012-09-27,"GES","704",0.783283859,0.58,19.6,38.07087,-121.77892,"FMWT 704 2012-09-12","704",2012-09-12,38.07087,-121.77892,0.139968314107529
"2012_GES_4253",2012-09-27,"GES","704",0.783283859,0.58,19.6,38.07087,-121.77892,"FMWT 704 2012-09-12","704",2012-09-12,38.07087,-121.77892,0.139968314107529
"2016_FMWT_7322",2016-11-07,"FMWT","703",2.568282102,0.660000026,16.89999962,38.06087,-121.79692,"FMWT 704 2016-11-07","704",2016-11-07,38.07087,-121.77892,2.02638829675495
"2016_FMWT_7323",2016-11-07,"FMWT","703",2.568282102,0.660000026,16.89999962,38.06087,-121.79692,"FMWT 704 2016-11-07","704",2016-11-07,38.07087,-121.77892,2.02638829675495
"2016_FMWT_7326",2016-11-07,"FMWT","704",1.989281755,0.569999993,16.79999924,38.07087,-121.77892,"FMWT 704 2016-11-07","704",2016-11-07,38.07087,-121.77892,2.02638829675495
"2018_EDSM_0129",2018-09-27,"EDSM","19-09-LSSC02",0.209392948,0.39,20.8,38.39376,-121.62058,"FMWT 797 2018-09-12","797",2018-09-12,38.40462,-121.6156,0.227296779822116
"2018_EDSM_0130",2018-09-27,"EDSM","19-09-LSSC02",0.209392948,0.39,20.8,38.39376,-121.62058,"FMWT 797 2018-09-12","797",2018-09-12,38.40462,-121.6156,0.227296779822116
"2018_EDSM_0133",2018-09-27,"EDSM","19-09-LSSC02",0.209392948,0.39,20.8,38.39376,-121.62058,"FMWT 797 2018-09-12","797",2018-09-12,38.40462,-121.6156,0.227296779822116
"2018_EDSM_0134",2018-09-27,"EDSM","19-09-LSSC02",0.209392948,0.39,20.8,38.39376,-121.62058,"FMWT 797 2018-09-12","797",2018-09-12,38.40462,-121.6156,0.227296779822116
"2018_EDSM_0135",2018-09-27,"EDSM","19-09-LSSC02",0.209392948,0.39,20.8,38.39376,-121.62058,"FMWT 797 2018-09-12","797",2018-09-12,38.40462,-121.6156,0.227296779822116
"2011_FMWT_1314",2011-09-13,"FMWT","512",0.213635029,0.409999996,20.89999962,38.05638,-121.87722,"FMWT 513 2011-09-13","513",2011-09-13,38.0592,-121.86842,0.230913300429113
"2011_FMWT_2845",2011-11-15,"FMWT","703",1.335760482,0.469999999,13.30000019,38.06087,-121.79692,"FMWT 704 2011-11-15","704",2011-11-15,38.07087,-121.77892,1.30316391608763
"2011_FMWT_2847",2011-11-15,"FMWT","704",1.010975402,0.479999989,13.39999962,38.07087,-121.77892,"FMWT 704 2011-11-15","704",2011-11-15,38.07087,-121.77892,1.30316391608763
"2011_FMWT_2848",2011-11-15,"FMWT","704",1.010975402,0.479999989,13.39999962,38.07087,-121.77892,"FMWT 704 2011-11-15","704",2011-11-15,38.07087,-121.77892,1.30316391608763
"2011_FMWT_2610",2011-10-10,"FMWT","721",0.097458304,0.430000007,17.39999962,38.274576,-121.707348,"FMWT 721 2011-10-10","721",2011-10-10,38.26815,-121.70277,0.0934129676836481
"2011_FMWT_2611",2011-10-10,"FMWT","721",0.097458304,0.430000007,17.39999962,38.274576,-121.707348,"FMWT 721 2011-10-10","721",2011-10-10,38.26815,-121.70277,0.0934129676836481
"2011_FMWT_2612",2011-10-10,"FMWT","721",0.097458304,0.430000007,17.39999962,38.274576,-121.707348,"FMWT 721 2011-10-10","721",2011-10-10,38.26815,-121.70277,0.0934129676836481
"2015_FMWT_7260",2015-10-19,"FMWT","797",0.243988318,0.349999994,20.10000038,38.40462,-121.6156,"FMWT 797 2015-10-19","797",2015-10-19,38.40462,-121.6156,0.241627328467853
"2011_FMWT_1577",2011-09-14,"FMWT","715",0.085691867,0.519999981,21.20000076,38.22295,-121.67362,"FMWT 716 2011-09-14","716",2011-09-14,38.23787,-121.68438,0.102334024091634
"2011_FMWT_1610",2011-09-14,"FMWT","715",0.085691867,0.519999981,21.20000076,38.22295,-121.67362,"FMWT 716 2011-09-14","716",2011-09-14,38.23787,-121.68438,0.102334024091634
"2011_FMWT_1577",2011-09-14,"FMWT","715",0.085691867,0.519999981,21.20000076,38.22295,-121.67362,"FMWT 723 2011-09-20","723",2011-09-20,38.23615,-121.67348,0.0859731148927577
"2011_FMWT_1610",2011-09-14,"FMWT","715",0.085691867,0.519999981,21.20000076,38.22295,-121.67362,"FMWT 723 2011-09-20","723",2011-09-20,38.23615,-121.67348,0.0859731148927577
"2011_FMWT_1108",2011-09-08,"FMWT","413",4.061354978,0.379999995,20,38.06595,-122.0473,"FMWT 411 2011-09-08","411",2011-09-08,38.06117,-122.06828,4.59155303798226
"2017_EDSM_0028",2017-10-10,"EDSM","18-11-LSR01",0.06009639,0.53,16.7,38.07626,-121.77185,"FMWT 704 2017-10-10","704",2017-10-10,38.07087,-121.77892,0.136387791008056
"2017_EDSM_0032",2017-10-10,"EDSM","18-11-LSR01",0.06009639,0.53,16.7,38.07626,-121.77185,"FMWT 704 2017-10-10","704",2017-10-10,38.07087,-121.77892,0.136387791008056
"2017_EDSM_0033",2017-10-10,"EDSM","18-11-LSR01",0.06009639,0.53,16.7,38.07626,-121.77185,"FMWT 704 2017-10-10","704",2017-10-10,38.07087,-121.77892,0.136387791008056
"2017_EDSM_0035",2017-10-10,"EDSM","18-11-LSR01",0.06009639,0.53,16.7,38.07626,-121.77185,"FMWT 704 2017-10-10","704",2017-10-10,38.07087,-121.77892,0.136387791008056
"2017_EDSM_0036",2017-10-10,"EDSM","18-11-LSR01",0.06009639,0.53,16.7,38.07626,-121.77185,"FMWT 704 2017-10-10","704",2017-10-10,38.07087,-121.77892,0.136387791008056
"2017_EDSM_0037",2017-10-10,"EDSM","18-11-LSR01",0.06009639,0.53,16.7,38.07626,-121.77185,"FMWT 704 2017-10-10","704",2017-10-10,38.07087,-121.77892,0.136387791008056
"2017_EDSM_0040",2017-10-10,"EDSM","18-11-LSR01",0.068824783,0.52,16.8,38.07579,-121.77238,"FMWT 704 2017-10-10","704",2017-10-10,38.07087,-121.77892,0.136387791008056
"2017_EDSM_0041",2017-10-10,"EDSM","18-11-LSR01",0.068824783,0.52,16.8,38.07579,-121.77238,"FMWT 704 2017-10-10","704",2017-10-10,38.07087,-121.77892,0.136387791008056
"2017_EDSM_0042",2017-10-10,"EDSM","18-11-LSR01",0.068824783,0.52,16.8,38.07579,-121.77238,"FMWT 704 2017-10-10","704",2017-10-10,38.07087,-121.77892,0.136387791008056
"2017_EDSM_0043",2017-10-10,"EDSM","18-11-LSR01",0.068824783,0.52,16.8,38.07579,-121.77238,"FMWT 704 2017-10-10","704",2017-10-10,38.07087,-121.77892,0.136387791008056
"2017_EDSM_0045",2017-10-10,"EDSM","18-11-LSR01",0.068824783,0.52,16.8,38.07579,-121.77238,"FMWT 704 2017-10-10","704",2017-10-10,38.07087,-121.77892,0.136387791008056
"2017_EDSM_0047",2017-10-10,"EDSM","18-11-LSR01",0.068824783,0.52,16.8,38.07579,-121.77238,"FMWT 704 2017-10-10","704",2017-10-10,38.07087,-121.77892,0.136387791008056
"2017_EDSM_0054",2017-10-10,"EDSM","18-11-LSR01",0.068824783,0.52,16.8,38.07579,-121.77238,"FMWT 704 2017-10-10","704",2017-10-10,38.07087,-121.77892,0.136387791008056
"2017_EDSM_0055",2017-10-10,"EDSM","18-11-LSR01",0.068824783,0.52,16.8,38.07579,-121.77238,"FMWT 704 2017-10-10","704",2017-10-10,38.07087,-121.77892,0.136387791008056
"2017_EDSM_0056",2017-10-10,"EDSM","18-11-LSR01",0.068824783,0.52,16.8,38.07579,-121.77238,"FMWT 704 2017-10-10","704",2017-10-10,38.07087,-121.77892,0.136387791008056
"2017_EDSM_0057",2017-10-10,"EDSM","18-11-LSR01",0.068824783,0.52,16.8,38.07579,-121.77238,"FMWT 704 2017-10-10","704",2017-10-10,38.07087,-121.77892,0.136387791008056
"2017_EDSM_0059",2017-10-10,"EDSM","18-11-LSR01",0.068824783,0.52,16.8,38.07579,-121.77238,"FMWT 704 2017-10-10","704",2017-10-10,38.07087,-121.77892,0.136387791008056
"2011_FMWT_1256",2011-09-13,"FMWT","518",1.092283981,0.209999993,19.89999962,38.06875,-121.96802,"FMWT 519 2011-09-13","519",2011-09-13,38.07378,-121.94725,1.1526223445657
"2011_FMWT_1260",2011-09-13,"FMWT","519",1.148142505,0.200000003,19.60000038,38.07378,-121.94725,"FMWT 519 2011-09-13","519",2011-09-13,38.07378,-121.94725,1.1526223445657
"2011_FMWT_1261",2011-09-13,"FMWT","519",1.148142505,0.200000003,19.60000038,38.07378,-121.94725,"FMWT 519 2011-09-13","519",2011-09-13,38.07378,-121.94725,1.1526223445657
"2011_FMWT_1263",2011-09-13,"FMWT","519",1.148142505,0.200000003,19.60000038,38.07378,-121.94725,"FMWT 519 2011-09-13","519",2011-09-13,38.07378,-121.94725,1.1526223445657
"2011_FMWT_1264",2011-09-13,"FMWT","519",1.148142505,0.200000003,19.60000038,38.07378,-121.94725,"FMWT 519 2011-09-13","519",2011-09-13,38.07378,-121.94725,1.1526223445657
"2018_EDSM_0122",2018-09-20,"EDSM","19-08-LSSC03",0.20267316,0.45,20.2,38.3455,-121.64266,"FMWT 719 2018-09-12","719",2018-09-12,38.33428,-121.64733,0.131734281070038
"2018_EDSM_0123",2018-09-20,"EDSM","19-08-LSSC03",0.20267316,0.45,20.2,38.3455,-121.64266,"FMWT 719 2018-09-12","719",2018-09-12,38.33428,-121.64733,0.131734281070038
"2011_FMWT_2975",2011-11-21,"FMWT","719",0.177213756,0.209999993,12.60000038,38.33554,-121.646902,"FMWT 719 2011-11-21","719",2011-11-21,38.33428,-121.64733,0.175248284396569
"2011_FMWT_2977",2011-11-21,"FMWT","719",0.177213756,0.209999993,12.60000038,38.33554,-121.646902,"FMWT 719 2011-11-21","719",2011-11-21,38.33428,-121.64733,0.175248284396569
"2011_FMWT_2979",2011-11-21,"FMWT","719",0.177213756,0.209999993,12.60000038,38.33554,-121.646902,"FMWT 719 2011-11-21","719",2011-11-21,38.33428,-121.64733,0.175248284396569
"2011_FMWT_2980",2011-11-21,"FMWT","719",0.177213756,0.209999993,12.60000038,38.33554,-121.646902,"FMWT 719 2011-11-21","719",2011-11-21,38.33428,-121.64733,0.175248284396569
"2017_EDSM_0007",2017-09-08,"EDSM","18-06-LSR01",1.004573584,0.57,22.3,38.0536,-121.87649,"FMWT 513 2017-09-12","513",2017-09-12,38.0592,-121.86842,0.63954821650187
"2017_EDSM_0008",2017-09-18,"EDSM","18-08-LSR01",0.079168905,0.58,20.9,38.06795,-121.85263,"FMWT 513 2017-09-12","513",2017-09-12,38.0592,-121.86842,0.63954821650187
"2017_EDSM_0009",2017-09-18,"EDSM","18-08-LSR01",0.079168905,0.58,20.9,38.06795,-121.85263,"FMWT 513 2017-09-12","513",2017-09-12,38.0592,-121.86842,0.63954821650187
"2017_EDSM_0011",2017-09-18,"EDSM","18-08-LSR01",0.079168905,0.58,20.9,38.06795,-121.85263,"FMWT 513 2017-09-12","513",2017-09-12,38.0592,-121.86842,0.63954821650187
"2017_EDSM_0013",2017-09-18,"EDSM","18-08-LSR01",0.090016692,0.56,20.9,38.06774,-121.85245,"FMWT 513 2017-09-12","513",2017-09-12,38.0592,-121.86842,0.63954821650187
"2017_EDSM_0015",2017-09-18,"EDSM","18-08-LSR01",0.090016692,0.56,20.9,38.06774,-121.85245,"FMWT 513 2017-09-12","513",2017-09-12,38.0592,-121.86842,0.63954821650187
"2017_EDSM_0016",2017-09-18,"EDSM","18-08-LSR01",0.090016692,0.56,20.9,38.06774,-121.85245,"FMWT 513 2017-09-12","513",2017-09-12,38.0592,-121.86842,0.63954821650187
"2017_EDSM_0017",2017-09-18,"EDSM","18-08-LSR01",0.090016692,0.56,20.9,38.06774,-121.85245,"FMWT 513 2017-09-12","513",2017-09-12,38.0592,-121.86842,0.63954821650187
"2017_EDSM_0018",2017-09-18,"EDSM","18-08-LSR01",0.090016692,0.56,20.9,38.06774,-121.85245,"FMWT 513 2017-09-12","513",2017-09-12,38.0592,-121.86842,0.63954821650187
"2017_EDSM_0019",2017-09-18,"EDSM","18-08-LSR01",0.090016692,0.56,20.9,38.06774,-121.85245,"FMWT 513 2017-09-12","513",2017-09-12,38.0592,-121.86842,0.63954821650187
"2017_EDSM_0022",2017-09-18,"EDSM","18-08-LSR02",0.211635344,0.54,21.4,38.05451,-121.86867,"FMWT 513 2017-09-12","513",2017-09-12,38.0592,-121.86842,0.63954821650187
"2017_EDSM_0024",2017-09-18,"EDSM","18-08-LSR01",0.090016692,0.56,20.9,38.06774,-121.85245,"FMWT 513 2017-09-12","513",2017-09-12,38.0592,-121.86842,0.63954821650187
"2011_FMWT_3049",2011-11-21,"FMWT","797",0.25628557,0.209999993,12.5,38.40462,-121.6156,"FMWT 797 2011-11-21","797",2011-11-21,38.40462,-121.6156,0.257981432779531
"2017_EDSM_0178",2017-10-25,"EDSM","18-13-HB01",2.149996453,0.57,16.9,38.04918,-121.90007,"FMWT 508 2017-11-06","508",2017-11-06,38.04813,-121.91492,3.07473810353083
"2018_EDSM_0089",2018-08-20,"EDSM","19-04-LSSC05",0.197422047,0.4,22.4,38.34796,-121.64151,"STN 719 2018-08-06","719",2018-08-06,38.33428,-121.64733,0.138800891382875
"2018_EDSM_0090",2018-08-20,"EDSM","19-04-LSSC05",0.191644225,0.38,22.7,38.34796,-121.64151,"STN 719 2018-08-06","719",2018-08-06,38.33428,-121.64733,0.138800891382875
"2018_EDSM_0077",2018-08-01,"EDSM","19-01-LSSC01",0.369778449,0.43,23.9,38.46798,-121.58648,"STN 796 2018-08-06","796",2018-08-06,38.47387,-121.5844,0.391113346543954
"2018_EDSM_0078",2018-08-01,"EDSM","19-01-LSSC01",0.369778449,0.43,23.9,38.46798,-121.58648,"STN 796 2018-08-06","796",2018-08-06,38.47387,-121.5844,0.391113346543954
"2018_EDSM_0088",2018-08-20,"EDSM","19-04-LSSC03",0.282459114,0.22,22.6,38.40101,-121.61782,"STN 797 2018-08-06","797",2018-08-06,38.40462,-121.6156,0.286333815321241
"2011_TNS_0248",2011-08-09,"STN","721",0.085691867,0.32,20.29999924,38.274576,-121.707348,"STN 721 2011-08-09","721",2011-08-09,38.26815,-121.70277,0.0814171496230274
"2011_TNS_0248",2011-08-09,"STN","721",0.085691867,0.32,20.29999924,38.274576,-121.707348,"STN 721 2011-08-23","721",2011-08-23,38.26815,-121.70277,0.0806980297525719
"2012_TNS_5253",2012-08-06,"STN","721",0.073501393,0.36,20,38.274576,-121.707348,"STN 721 2012-08-20","721",2012-08-20,38.26815,-121.70277,0.0761450697682611
"2012_TNS_5254",2012-08-06,"STN","721",0.073501393,0.36,20,38.274576,-121.707348,"STN 721 2012-08-20","721",2012-08-20,38.26815,-121.70277,0.0761450697682611
"2012_TNS_5315",2012-08-20,"STN","721",0.079590851,0.4,20.5,38.274576,-121.707348,"STN 721 2012-08-20","721",2012-08-20,38.26815,-121.70277,0.0761450697682611
"2012_TNS_5253",2012-08-06,"STN","721",0.073501393,0.36,20,38.274576,-121.707348,"STN 721 2012-08-06","721",2012-08-06,38.26815,-121.70277,0.0696782899515847
"2012_TNS_5254",2012-08-06,"STN","721",0.073501393,0.36,20,38.274576,-121.707348,"STN 721 2012-08-06","721",2012-08-06,38.26815,-121.70277,0.0696782899515847
"2012_TNS_5315",2012-08-20,"STN","721",0.079590851,0.4,20.5,38.274576,-121.707348,"STN 721 2012-08-06","721",2012-08-06,38.26815,-121.70277,0.0696782899515847
"2017_EDSM_0152",2017-08-11,"EDSM","18-02-SBM04",3.343052835,0.47,22.2,38.06836,-121.96778,"STN 519 2017-08-23","519",2017-08-23,38.0723055556,-121.959694444,2.42835612565682
"2017_EDSM_0153",2017-08-11,"EDSM","18-02-SBM04",3.343052835,0.47,22.2,38.06836,-121.96778,"STN 519 2017-08-23","519",2017-08-23,38.0723055556,-121.959694444,2.42835612565682
"2012_TNS_5253",2012-08-06,"STN","721",0.073501393,0.36,20,38.274576,-121.707348,"STN 721 2012-07-24","721",2012-07-24,38.26815,-121.70277,0.0684810570864039
"2012_TNS_5254",2012-08-06,"STN","721",0.073501393,0.36,20,38.274576,-121.707348,"STN 721 2012-07-24","721",2012-07-24,38.26815,-121.70277,0.0684810570864039
"2013_TNS_0310",2013-08-21,"STN","801",2.918683955,0.51,21.10000038,38.05561111,-121.847,"STN 801 2013-08-21","801",2013-08-21,38.0556111111,-121.847,2.93390940400125
"2017_EDSM_0003",2017-08-21,"EDSM","18-04-LSR05",1.358048728,0.45,20.9,38.05251,-121.86898,"STN 513 2017-08-23","513",2017-08-23,38.0594581794,-121.864004686,1.82591396376597
"2013_TNS_0310",2013-08-21,"STN","801",2.918683955,0.51,21.10000038,38.05561111,-121.847,"STN 513 2013-08-07","513",2013-08-07,38.0594581794,-121.864004686,3.32762824511498
"2013_TNS_0309",2013-08-21,"STN","804",2.220267602,0.53,20.89999962,38.02308,-121.79868,"STN 804 2013-08-21","804",2013-08-21,38.0205618811,-121.79400495,2.21914200957316
"2013_TNS_0308",2013-08-21,"STN","704",3.525077225,0.34,20.79999924,38.07087,-121.77892,"STN 704 2013-08-21","704",2013-08-21,38.0677613102,-121.775007658,2.5878390468881
"2017_EDSM_0004",2017-08-22,"EDSM","18-04-SSC02",0.711019922,0.3,22.9,38.39545,-121.61918,"STN 797 2017-08-07","797",2017-08-07,38.40462,-121.6156,0.216267270426112
"2013_TNS_0310",2013-08-21,"STN","801",2.918683955,0.51,21.10000038,38.05561111,-121.847,"STN 801 2013-08-07","801",2013-08-07,38.0556111111,-121.847,3.14420973912066
"2017_EDSM_0004",2017-08-22,"EDSM","18-04-SSC02",0.711019922,0.3,22.9,38.39545,-121.61918,"STN 797 2017-08-21","797",2017-08-21,38.40462,-121.6156,0.312816166853786
"2013_TNS_0309",2013-08-21,"STN","804",2.220267602,0.53,20.89999962,38.02308,-121.79868,"STN 804 2013-08-07","804",2013-08-07,38.0205618811,-121.79400495,1.97657462426305
"2014_TNS_0182",2014-08-12,"STN","704",0.912044029,0.61,22.5,38.07087,-121.77892,"STN 704 2014-07-29","704",2014-07-29,38.0677613102,-121.775007658,1.03730115585704
"2014_TNS_0183",2014-08-12,"STN","704",0.912044029,0.61,22.5,38.07087,-121.77892,"STN 704 2014-07-29","704",2014-07-29,38.0677613102,-121.775007658,1.03730115585704
"2014_TNS_0184",2014-08-12,"STN","704",0.912044029,0.61,22.5,38.07087,-121.77892,"STN 704 2014-07-29","704",2014-07-29,38.0677613102,-121.775007658,1.03730115585704
"2014_TNS_0186",2014-08-12,"STN","704",0.912044029,0.61,22.5,38.07087,-121.77892,"STN 704 2014-07-29","704",2014-07-29,38.0677613102,-121.775007658,1.03730115585704
"2014_TNS_0187",2014-08-12,"STN","704",0.912044029,0.61,22.5,38.07087,-121.77892,"STN 704 2014-07-29","704",2014-07-29,38.0677613102,-121.775007658,1.03730115585704
"2014_TNS_0188",2014-08-12,"STN","704",0.912044029,0.61,22.5,38.07087,-121.77892,"STN 704 2014-07-29","704",2014-07-29,38.0677613102,-121.775007658,1.03730115585704
"2014_CCE_0162",2014-08-21,"CCE","797",0.263185923,0.449999988,23.29999924,38.40462,-121.6156,"STN 797 2014-08-11","797",2014-08-11,38.40462,-121.6156,0.34845936098917
"2014_CCE_0169",2014-08-21,"CCE","797",0.263185923,0.449999988,23.29999924,38.40462,-121.6156,"STN 797 2014-08-11","797",2014-08-11,38.40462,-121.6156,0.34845936098917
"2014_CCE_0173",2014-08-21,"CCE","797",0.263185923,0.449999988,23.29999924,38.40462,-121.6156,"STN 797 2014-08-11","797",2014-08-11,38.40462,-121.6156,0.34845936098917
"2014_CCE_0182",2014-08-21,"CCE","797",0.263185923,0.449999988,23.29999924,38.40462,-121.6156,"STN 797 2014-08-11","797",2014-08-11,38.40462,-121.6156,0.34845936098917
"2014_CCE_0183",2014-08-21,"CCE","797",0.263185923,0.449999988,23.29999924,38.40462,-121.6156,"STN 797 2014-08-11","797",2014-08-11,38.40462,-121.6156,0.34845936098917
"2014_CCE_0188",2014-08-21,"CCE","797",0.263185923,0.449999988,23.29999924,38.40462,-121.6156,"STN 797 2014-08-11","797",2014-08-11,38.40462,-121.6156,0.34845936098917
"2014_CCE_0189",2014-08-21,"CCE","797",0.263185923,0.449999988,23.29999924,38.40462,-121.6156,"STN 797 2014-08-11","797",2014-08-11,38.40462,-121.6156,0.34845936098917
"2014_CCE_0195",2014-08-21,"CCE","797",0.263185923,0.449999988,23.29999924,38.40462,-121.6156,"STN 797 2014-08-11","797",2014-08-11,38.40462,-121.6156,0.34845936098917
"2014_CCE_0200",2014-08-21,"CCE","797",0.263185923,0.449999988,23.29999924,38.40462,-121.6156,"STN 797 2014-08-11","797",2014-08-11,38.40462,-121.6156,0.34845936098917
"2014_CCE_0202",2014-08-21,"CCE","797",0.263185923,0.449999988,23.29999924,38.40462,-121.6156,"STN 797 2014-08-11","797",2014-08-11,38.40462,-121.6156,0.34845936098917
"2014_CCE_0206",2014-08-21,"CCE","797",0.263185923,0.449999988,23.29999924,38.40462,-121.6156,"STN 797 2014-08-11","797",2014-08-11,38.40462,-121.6156,0.34845936098917
"2014_CCE_0219",2014-08-21,"CCE","797",0.263185923,0.449999988,23.29999924,38.40462,-121.6156,"STN 797 2014-08-11","797",2014-08-11,38.40462,-121.6156,0.34845936098917
"2014_CCE_0222",2014-08-21,"CCE","797",0.263185923,0.449999988,23.29999924,38.40462,-121.6156,"STN 797 2014-08-11","797",2014-08-11,38.40462,-121.6156,0.34845936098917
"2014_CCE_0226",2014-08-21,"CCE","797",0.263185923,0.449999988,23.29999924,38.40462,-121.6156,"STN 797 2014-08-11","797",2014-08-11,38.40462,-121.6156,0.34845936098917
"2014_CCE_0228",2014-08-21,"CCE","797",0.263185923,0.449999988,23.29999924,38.40462,-121.6156,"STN 797 2014-08-11","797",2014-08-11,38.40462,-121.6156,0.34845936098917
"2014_CCE_0229",2014-08-21,"CCE","797",0.263185923,0.449999988,23.29999924,38.40462,-121.6156,"STN 797 2014-08-11","797",2014-08-11,38.40462,-121.6156,0.34845936098917
"2014_CCE_0230",2014-08-21,"CCE","797",0.263185923,0.449999988,23.29999924,38.40462,-121.6156,"STN 797 2014-08-11","797",2014-08-11,38.40462,-121.6156,0.34845936098917
"2014_CCE_0237",2014-08-21,"CCE","797",0.263185923,0.449999988,23.29999924,38.40462,-121.6156,"STN 797 2014-08-11","797",2014-08-11,38.40462,-121.6156,0.34845936098917
"2014_CCE_0242",2014-08-21,"CCE","797",0.263185923,0.449999988,23.29999924,38.40462,-121.6156,"STN 797 2014-08-11","797",2014-08-11,38.40462,-121.6156,0.34845936098917
"2014_TNS_0180",2014-08-11,"STN","797",0.353716406,0.42,23.70000076,38.40462,-121.6156,"STN 797 2014-08-11","797",2014-08-11,38.40462,-121.6156,0.34845936098917
"2018_EDSM_0089",2018-08-20,"EDSM","19-04-LSSC05",0.197422047,0.4,22.4,38.34796,-121.64151,"STN 719 2018-08-20","719",2018-08-20,38.33428,-121.64733,0.177936956358394
"2018_EDSM_0090",2018-08-20,"EDSM","19-04-LSSC05",0.191644225,0.38,22.7,38.34796,-121.64151,"STN 719 2018-08-20","719",2018-08-20,38.33428,-121.64733,0.177936956358394
"2018_EDSM_0091",2018-08-27,"EDSM","19-05-LSSC05",0.15798172,0.31,21.4,38.32902,-121.64791,"STN 719 2018-08-20","719",2018-08-20,38.33428,-121.64733,0.177936956358394
"2018_EDSM_0092",2018-08-27,"EDSM","19-05-LSSC05",0.156011492,0.4,21.5,38.32902,-121.64791,"STN 719 2018-08-20","719",2018-08-20,38.33428,-121.64733,0.177936956358394
"2018_EDSM_0093",2018-08-27,"EDSM","19-05-LSSC05",0.156011492,0.4,21.5,38.32902,-121.64791,"STN 719 2018-08-20","719",2018-08-20,38.33428,-121.64733,0.177936956358394
"2018_EDSM_0094",2018-08-27,"EDSM","19-05-LSSC05",0.156011492,0.4,21.5,38.32902,-121.64791,"STN 719 2018-08-20","719",2018-08-20,38.33428,-121.64733,0.177936956358394
"2018_EDSM_0095",2018-08-27,"EDSM","19-05-LSSC05",0.156011492,0.4,21.5,38.32902,-121.64791,"STN 719 2018-08-20","719",2018-08-20,38.33428,-121.64733,0.177936956358394
"2018_EDSM_0297",2018-08-14,"EDSM","19-03-SM05",3.082131874,0.3,21.5,38.16551,-122.04404,"STN 606 2018-08-09","606",2018-08-09,38.1677573085,-122.022009075,2.45442239416735
"2017_EDSM_0165",2017-08-30,"EDSM","18-05-SBM02",1.932938295,0.41,21.9,38.06593,-122.0193,"STN 504 2017-08-23","504",2017-08-23,38.0610555556,-122.013722222,2.14450674470951
"2017_EDSM_0003",2017-08-21,"EDSM","18-04-LSR05",1.358048728,0.45,20.9,38.05251,-121.86898,"STN 513 2017-08-09","513",2017-08-09,38.0594581794,-121.864004686,2.35243697004403
"2017_EDSM_0003",2017-08-21,"EDSM","18-04-LSR05",1.358048728,0.45,20.9,38.05251,-121.86898,"STN 801 2017-08-23","801",2017-08-23,38.0556111111,-121.847,1.44175707350615
"2017_EDSM_0005",2017-08-28,"EDSM","18-05-LSR02",0.444050489,0.53,21.9,38.06747,-121.8454,"STN 801 2017-08-23","801",2017-08-23,38.0556111111,-121.847,1.44175707350615
"2017_EDSM_0006",2017-08-28,"EDSM","18-05-LSR02",0.444050489,0.53,21.9,38.06747,-121.8454,"STN 801 2017-08-23","801",2017-08-23,38.0556111111,-121.847,1.44175707350615
"2017_EDSM_0164",2017-08-23,"EDSM","18-04-LSJ03",0.728261471,0.26,21.1,38.05,-121.84295,"STN 801 2017-08-23","801",2017-08-23,38.0556111111,-121.847,1.44175707350615
"2017_EDSM_0003",2017-08-21,"EDSM","18-04-LSR05",1.358048728,0.45,20.9,38.05251,-121.86898,"STN 801 2017-08-09","801",2017-08-09,38.0556111111,-121.847,2.14234713551838
"2018_EDSM_0088",2018-08-20,"EDSM","19-04-LSSC03",0.282459114,0.22,22.6,38.40101,-121.61782,"STN 797 2018-08-20","797",2018-08-20,38.40462,-121.6156,0.265428463345766
"2017_EDSM_0162",2017-08-22,"EDSM","18-04-SBM05",5.054703962,0.25,20.3,38.08249,-122.04176,"STN 501 2017-08-23","501",2017-08-23,38.0733770283,-122.022458953,4.18406434262114
"2014_TNS_0180",2014-08-11,"STN","797",0.353716406,0.42,23.70000076,38.40462,-121.6156,"STN 797 2014-07-28","797",2014-07-28,38.40462,-121.6156,0.330117791220755
"2012_TNS_5346",2012-08-22,"STN","519",4.797244814,0.3,20.79999924,38.07378,-121.94725,"STN 519 2012-08-22","519",2012-08-22,38.0723055556,-121.959694444,5.21836679577914
"2012_TNS_5348",2012-08-23,"STN","610",3.574637767,0.3,19.89999962,38.122194,-121.889111,"STN 610 2012-08-23","610",2012-08-23,38.1188055556,-121.889194444,3.58922705739128
"2018_EDSM_0297",2018-08-14,"EDSM","19-03-SM05",3.082131874,0.3,21.5,38.16551,-122.04404,"STN 606 2018-08-23","606",2018-08-23,38.1677573085,-122.022009075,3.92336569347324
"2018_EDSM_0077",2018-08-01,"EDSM","19-01-LSSC01",0.369778449,0.43,23.9,38.46798,-121.58648,"STN 796 2018-07-23","796",2018-07-23,38.47387,-121.5844,0.41367291269708
"2018_EDSM_0078",2018-08-01,"EDSM","19-01-LSSC01",0.369778449,0.43,23.9,38.46798,-121.58648,"STN 796 2018-07-23","796",2018-07-23,38.47387,-121.5844,0.41367291269708
"2012_TNS_5344",2012-08-21,"STN","704",0.106431211,0.45,21.89999962,38.07087,-121.77892,"STN 704 2012-08-07","704",2012-08-07,38.0677613102,-121.775007658,0.0653685970500925
"2012_TNS_5345",2012-08-21,"STN","704",0.106431211,0.45,21.89999962,38.07087,-121.77892,"STN 704 2012-08-07","704",2012-08-07,38.0677613102,-121.775007658,0.0653685970500925
"2015_TNS_7255",2015-08-12,"STN","797",0.323212271,0.25,22.60000038,38.40462,-121.6156,"STN 797 2015-08-12","797",2015-08-12,38.40462,-121.6156,0.317574763740623
"2013_TNS_0249",2013-08-05,"STN","797",0.370281029,0.31,20.89999962,38.40462,-121.6156,"STN 797 2013-08-05","797",2013-08-05,38.40462,-121.6156,0.362567568038802
"2011_TNS_0284",2011-08-11,"STN","609",0.963025324,0.16,20.79999924,38.167744,-121.934369,"STN 609 2011-08-25","609",2011-08-25,38.1671944444,-121.938,1.20088467293654
"2012_TNS_5344",2012-08-21,"STN","704",0.106431211,0.45,21.89999962,38.07087,-121.77892,"STN 704 2012-08-21","704",2012-08-21,38.0677613102,-121.775007658,0.106637731165354
"2012_TNS_5345",2012-08-21,"STN","704",0.106431211,0.45,21.89999962,38.07087,-121.77892,"STN 704 2012-08-21","704",2012-08-21,38.0677613102,-121.775007658,0.106637731165354
"2015_TNS_7255",2015-08-12,"STN","797",0.323212271,0.25,22.60000038,38.40462,-121.6156,"STN 797 2015-07-29","797",2015-07-29,38.40462,-121.6156,0.321338523386263
"2012_TNS_5311",2012-08-09,"STN","602",5.409753174,0.37,21,38.11783,-122.04183,"STN 602 2012-08-09","602",2012-08-09,38.114,-122.046194444,5.44598312030438
"2011_TNS_1372",2011-08-23,"STN","716",0.080997737,0.35,20.60000038,38.23787,-121.68438,"STN 716 2011-08-23","716",2011-08-23,38.23787,-121.68438,0.0763845776577332
"2011_TNS_1380",2011-08-23,"STN","716",0.080997737,0.35,20.60000038,38.23787,-121.68438,"STN 716 2011-08-23","716",2011-08-23,38.23787,-121.68438,0.0763845776577332
"2011_TNS_1382",2011-08-23,"STN","716",0.080997737,0.35,20.60000038,38.23787,-121.68438,"STN 716 2011-08-23","716",2011-08-23,38.23787,-121.68438,0.0763845776577332
"2011_TNS_1394",2011-08-23,"STN","716",0.080997737,0.35,20.60000038,38.23787,-121.68438,"STN 716 2011-08-23","716",2011-08-23,38.23787,-121.68438,0.0763845776577332
"2011_TNS_1400",2011-08-23,"STN","716",0.080997737,0.35,20.60000038,38.23787,-121.68438,"STN 716 2011-08-23","716",2011-08-23,38.23787,-121.68438,0.0763845776577332
"2012_TNS_5301",2012-08-08,"STN","519",3.150818432,0.41,21,38.07378,-121.94725,"STN 519 2012-08-08","519",2012-08-08,38.0723055556,-121.959694444,3.24055288323711
"2011_TNS_1372",2011-08-23,"STN","716",0.080997737,0.35,20.60000038,38.23787,-121.68438,"STN 723 2011-08-23","723",2011-08-23,38.23615,-121.67348,0.0732704803566602
"2011_TNS_1380",2011-08-23,"STN","716",0.080997737,0.35,20.60000038,38.23787,-121.68438,"STN 723 2011-08-23","723",2011-08-23,38.23615,-121.67348,0.0732704803566602
"2011_TNS_1382",2011-08-23,"STN","716",0.080997737,0.35,20.60000038,38.23787,-121.68438,"STN 723 2011-08-23","723",2011-08-23,38.23615,-121.67348,0.0732704803566602
"2011_TNS_1394",2011-08-23,"STN","716",0.080997737,0.35,20.60000038,38.23787,-121.68438,"STN 723 2011-08-23","723",2011-08-23,38.23615,-121.67348,0.0732704803566602
"2011_TNS_1400",2011-08-23,"STN","716",0.080997737,0.35,20.60000038,38.23787,-121.68438,"STN 723 2011-08-23","723",2011-08-23,38.23615,-121.67348,0.0732704803566602
"2011_TNS_0171",2011-08-10,"STN","519",2.714207067,0.32,19.39999962,38.07378,-121.94725,"STN 519 2011-08-10","519",2011-08-10,38.0723055556,-121.959694444,2.84604555041319
"2011_TNS_0173",2011-08-10,"STN","519",2.714207067,0.32,19.39999962,38.07378,-121.94725,"STN 519 2011-08-10","519",2011-08-10,38.0723055556,-121.959694444,2.84604555041319
"2011_TNS_0174",2011-08-10,"STN","519",2.714207067,0.32,19.39999962,38.07378,-121.94725,"STN 519 2011-08-10","519",2011-08-10,38.0723055556,-121.959694444,2.84604555041319
"2013_TNS_0249",2013-08-05,"STN","797",0.370281029,0.31,20.89999962,38.40462,-121.6156,"STN 797 2013-07-22","797",2013-07-22,38.40462,-121.6156,0.336336428713191
"2011_TNS_0178",2011-08-10,"STN","501",2.926150821,0.45,20.39999962,38.06167,-122.01955,"STN 501 2011-08-10","501",2011-08-10,38.0733770283,-122.022458953,3.1746821233084
"2011_TNS_0179",2011-08-10,"STN","501",2.926150821,0.45,20.39999962,38.06167,-122.01955,"STN 501 2011-08-10","501",2011-08-10,38.0733770283,-122.022458953,3.1746821233084
"2011_TNS_1064",2011-08-25,"STN","602",4.523090008,0.17,20.29999924,38.11783,-122.04183,"STN 602 2011-08-11","602",2011-08-11,38.114,-122.046194444,4.45476167160069
"2011_TNS_1065",2011-08-25,"STN","602",4.523090008,0.17,20.29999924,38.11783,-122.04183,"STN 602 2011-08-11","602",2011-08-11,38.114,-122.046194444,4.45476167160069
"2011_TNS_1068",2011-08-25,"STN","602",4.523090008,0.17,20.29999924,38.11783,-122.04183,"STN 602 2011-08-11","602",2011-08-11,38.114,-122.046194444,4.45476167160069
"2011_TNS_1072",2011-08-25,"STN","602",4.523090008,0.17,20.29999924,38.11783,-122.04183,"STN 602 2011-08-11","602",2011-08-11,38.114,-122.046194444,4.45476167160069
"2011_TNS_1075",2011-08-25,"STN","602",4.523090008,0.17,20.29999924,38.11783,-122.04183,"STN 602 2011-08-11","602",2011-08-11,38.114,-122.046194444,4.45476167160069
"2011_TNS_0293",2011-08-12,"STN","508",0.669327972,0.61,21.5,38.04813,-121.91492,"STN 508 2011-08-12","508",2011-08-12,38.0455576963,-121.923002692,0.774872430706085
"2011_TNS_0294",2011-08-12,"STN","508",0.669327972,0.61,21.5,38.04813,-121.91492,"STN 508 2011-08-12","508",2011-08-12,38.0455576963,-121.923002692,0.774872430706085
"2011_TNS_0285",2011-08-11,"STN","606",1.623798445,0.21,21,38.1698,-122.02177,"STN 606 2011-08-25","606",2011-08-25,38.1677573085,-122.022009075,2.17527762535123
"2011_TNS_0167",2011-08-09,"STN","704",0.096043947,0.38,22.5,38.07087,-121.77892,"STN 704 2011-08-09","704",2011-08-09,38.0677613102,-121.775007658,0.100628757734788
"2011_TNS_0168",2011-08-09,"STN","704",0.096043947,0.38,22.5,38.07087,-121.77892,"STN 704 2011-08-09","704",2011-08-09,38.0677613102,-121.775007658,0.100628757734788
"2011_TNS_0285",2011-08-11,"STN","606",1.623798445,0.21,21,38.1698,-122.02177,"STN 606 2011-08-11","606",2011-08-11,38.1677573085,-122.022009075,1.67990187665007
"2011_TNS_0171",2011-08-10,"STN","519",2.714207067,0.32,19.39999962,38.07378,-121.94725,"STN 519 2011-08-24","519",2011-08-24,38.0723055556,-121.959694444,1.88655859070133
"2011_TNS_0173",2011-08-10,"STN","519",2.714207067,0.32,19.39999962,38.07378,-121.94725,"STN 519 2011-08-24","519",2011-08-24,38.0723055556,-121.959694444,1.88655859070133
"2011_TNS_0174",2011-08-10,"STN","519",2.714207067,0.32,19.39999962,38.07378,-121.94725,"STN 519 2011-08-24","519",2011-08-24,38.0723055556,-121.959694444,1.88655859070133
"2011_TNS_0279",2011-08-11,"STN","610",0.738199701,0.18,20.89999962,38.122194,-121.889111,"STN 610 2011-08-11","610",2011-08-11,38.1188055556,-121.889194444,0.762646084211591
"2011_TNS_0280",2011-08-11,"STN","610",0.738199701,0.18,20.89999962,38.122194,-121.889111,"STN 610 2011-08-11","610",2011-08-11,38.1188055556,-121.889194444,0.762646084211591
"2011_TNS_0281",2011-08-11,"STN","610",0.738199701,0.18,20.89999962,38.122194,-121.889111,"STN 610 2011-08-11","610",2011-08-11,38.1188055556,-121.889194444,0.762646084211591
"2011_TNS_0282",2011-08-11,"STN","610",0.738199701,0.18,20.89999962,38.122194,-121.889111,"STN 610 2011-08-11","610",2011-08-11,38.1188055556,-121.889194444,0.762646084211591
"2011_TNS_0167",2011-08-09,"STN","704",0.096043947,0.38,22.5,38.07087,-121.77892,"STN 704 2011-08-23","704",2011-08-23,38.0677613102,-121.775007658,0.082136340858906
"2011_TNS_0168",2011-08-09,"STN","704",0.096043947,0.38,22.5,38.07087,-121.77892,"STN 704 2011-08-23","704",2011-08-23,38.0677613102,-121.775007658,0.082136340858906
"2011_TNS_1372",2011-08-23,"STN","716",0.080997737,0.35,20.60000038,38.23787,-121.68438,"STN 723 2011-08-09","723",2011-08-09,38.23615,-121.67348,0.0902919915868216
"2011_TNS_1380",2011-08-23,"STN","716",0.080997737,0.35,20.60000038,38.23787,-121.68438,"STN 723 2011-08-09","723",2011-08-09,38.23615,-121.67348,0.0902919915868216
"2011_TNS_1382",2011-08-23,"STN","716",0.080997737,0.35,20.60000038,38.23787,-121.68438,"STN 723 2011-08-09","723",2011-08-09,38.23615,-121.67348,0.0902919915868216
"2011_TNS_1394",2011-08-23,"STN","716",0.080997737,0.35,20.60000038,38.23787,-121.68438,"STN 723 2011-08-09","723",2011-08-09,38.23615,-121.67348,0.0902919915868216
"2011_TNS_1400",2011-08-23,"STN","716",0.080997737,0.35,20.60000038,38.23787,-121.68438,"STN 723 2011-08-09","723",2011-08-09,38.23615,-121.67348,0.0902919915868216
"2013_TNS_0249",2013-08-05,"STN","797",0.370281029,0.31,20.89999962,38.40462,-121.6156,"STN 797 2013-08-19","797",2013-08-19,38.40462,-121.6156,0.384033503249765
"2012_TNS_5285",2012-08-06,"STN","797",0.375811938,0.3,23.70000076,38.40462,-121.6156,"STN 797 2012-08-20","797",2012-08-20,38.40462,-121.6156,0.376706424355951
"2012_TNS_5336",2012-08-20,"STN","797",0.368270939,0.5,22.89999962,38.40462,-121.6156,"STN 797 2012-08-20","797",2012-08-20,38.40462,-121.6156,0.376706424355951
"2012_TNS_5339",2012-08-20,"STN","797",0.368270939,0.5,22.89999962,38.40462,-121.6156,"STN 797 2012-08-20","797",2012-08-20,38.40462,-121.6156,0.376706424355951
"2012_TNS_5285",2012-08-06,"STN","797",0.375811938,0.3,23.70000076,38.40462,-121.6156,"STN 797 2012-07-24","797",2012-07-24,38.40462,-121.6156,0.302844759900191
"2011_TNS_0279",2011-08-11,"STN","610",0.738199701,0.18,20.89999962,38.122194,-121.889111,"STN 610 2011-08-25","610",2011-08-25,38.1188055556,-121.889194444,1.24195030692324
"2011_TNS_0280",2011-08-11,"STN","610",0.738199701,0.18,20.89999962,38.122194,-121.889111,"STN 610 2011-08-25","610",2011-08-25,38.1188055556,-121.889194444,1.24195030692324
"2011_TNS_0281",2011-08-11,"STN","610",0.738199701,0.18,20.89999962,38.122194,-121.889111,"STN 610 2011-08-25","610",2011-08-25,38.1188055556,-121.889194444,1.24195030692324
"2011_TNS_0282",2011-08-11,"STN","610",0.738199701,0.18,20.89999962,38.122194,-121.889111,"STN 610 2011-08-25","610",2011-08-25,38.1188055556,-121.889194444,1.24195030692324
"2011_TNS_0293",2011-08-12,"STN","508",0.669327972,0.61,21.5,38.04813,-121.91492,"STN 508 2011-08-26","508",2011-08-26,38.0455576963,-121.923002692,0.821276683050194
"2011_TNS_0294",2011-08-12,"STN","508",0.669327972,0.61,21.5,38.04813,-121.91492,"STN 508 2011-08-26","508",2011-08-26,38.0455576963,-121.923002692,0.821276683050194
"2011_TNS_1372",2011-08-23,"STN","716",0.080997737,0.35,20.60000038,38.23787,-121.68438,"STN 716 2011-08-09","716",2011-08-09,38.23787,-121.68438,0.07207300321499
"2011_TNS_1380",2011-08-23,"STN","716",0.080997737,0.35,20.60000038,38.23787,-121.68438,"STN 716 2011-08-09","716",2011-08-09,38.23787,-121.68438,0.07207300321499
"2011_TNS_1382",2011-08-23,"STN","716",0.080997737,0.35,20.60000038,38.23787,-121.68438,"STN 716 2011-08-09","716",2011-08-09,38.23787,-121.68438,0.07207300321499
"2011_TNS_1394",2011-08-23,"STN","716",0.080997737,0.35,20.60000038,38.23787,-121.68438,"STN 716 2011-08-09","716",2011-08-09,38.23787,-121.68438,0.07207300321499
"2011_TNS_1400",2011-08-23,"STN","716",0.080997737,0.35,20.60000038,38.23787,-121.68438,"STN 716 2011-08-09","716",2011-08-09,38.23787,-121.68438,0.07207300321499
"2011_TNS_0284",2011-08-11,"STN","609",0.963025324,0.16,20.79999924,38.167744,-121.934369,"STN 609 2011-08-11","609",2011-08-11,38.1671944444,-121.938,0.979576916665087
"2012_TNS_5285",2012-08-06,"STN","797",0.375811938,0.3,23.70000076,38.40462,-121.6156,"STN 797 2012-08-06","797",2012-08-06,38.40462,-121.6156,0.373415775908675
"2012_TNS_5336",2012-08-20,"STN","797",0.368270939,0.5,22.89999962,38.40462,-121.6156,"STN 797 2012-08-06","797",2012-08-06,38.40462,-121.6156,0.373415775908675
"2012_TNS_5339",2012-08-20,"STN","797",0.368270939,0.5,22.89999962,38.40462,-121.6156,"STN 797 2012-08-06","797",2012-08-06,38.40462,-121.6156,0.373415775908675
